index|company_name|company_address|company_ph|company_primary_domain|company_revenue|operating_income|net_income|net_income_trend|total_assets|retained_earnings|employees_list
0|VIRGIN MEDIA LIMITED||||||||||
1|BURBERRY LIMITED||||||||||
2|DELOITTE LLP||||||||||
3|THE ROYAL BANK OF SCOTLAND PUBLIC LIMITED COMPANY||||||||||
4|VODAFONE GROUP PUBLIC LIMITED COMPANY||||||||||
5|EDF ENERGY CUSTOMERS LIMITED||||||||||
6|SAGE (UK) LTD||||||||||
7|CLIFFORD CHANCE LLP||||||||||
8|DS SMITH PACKAGING LIMITED||||||||||
9|KPMG LLP||||||||||
10|CAPITA BUSINESS SERVICES LTD||||||||||
11|BARCLAYS INVESTMENT SOLUTIONS LIMITED||||||||||
12|ACCENTURE (UK) LIMITED||||||||||
13|THE ROYAL BANK OF SCOTLAND INTERNATIONAL LTD||||||||||
14|BARCLAYS BANK UK PLC||||||||||
15|MARKS AND SPENCER GROUP P.L.C.||||||||||
16|TESCO STORES LIMITED||||||||||
17|BNP PARIBAS LEASING SOLUTIONS LIMITED||||||||||
18|BRITISH AMERICAN TOBACCO P.L.C.||||||||||
19|HISCOX INSURANCE COMPANY LIMITED||||||||||
20|ASDA GROUP LIMITED||||||||||
21|THOMSON REUTERS GROUP LIMITED||||||||||
22|VIRGIN MEDIA STORE||||||||||
23|LONDON STOCK EXCHANGE GROUP HOLDINGS LIMITED||||||||||
24|WORLDPAY (UK) LIMITED||||||||||
25|UNILEVER UK LIMITED||||||||||
26|DEUTSCHE BANK AKTIENGESELLSCHAFT||||||||||
27|TOWERS WATSON SOFTWARE LIMITED||||||||||
28|VIRGIN MEDIA BUSINESS LIMITED||||||||||
29|BAE SYSTEMS PLC|['Stirling Square, 6 Carlton Gardens', 'SW1Y 5AD', 'United Kingdom']|['+44.1252.383857']|https://www.baesystems.com/|['19,277.00']|['1,930.00']|1,299.00|['1,299.00', '1,476.00', '1,000.00']|27,530.00|2,178.00|{0: {'first_name': ['Roger'], 'middle_name': [], 'last_name': ['Carr'], 'designation': 'Non-Executive Independent Chairman of the Board'}, 1: {'first_name': ['Charles'], 'middle_name': ['N.'], 'last_name': ['Woodburn'], 'designation': 'Chief Executive, Executive Director'}, 2: {'first_name': ['Bradley'], 'middle_name': [], 'last_name': ['Greve'], 'designation': 'Group Finance Director, Executive Director'}, 3: {'first_name': ['Shelly'], 'middle_name': ['ONeill'], 'last_name': ['Stoneman'], 'designation': 'Senior Vice President - Government Relations'}, 4: {'first_name': ['Philip'], 'middle_name': ['Nicholas'], 'last_name': ['Bramwell'], 'designation': 'Group General Counsel'}, 5: {'first_name': ['Thomas'], 'middle_name': [], 'last_name': ['Arseneault'], 'designation': 'Executive Director, President and Chief Executive Officer of BAE Systems, Inc.'}, 6: {'first_name': ['David'], 'middle_name': ['B.'], 'last_name': ['Parkes'], 'designation': 'Company Secretary'}, 7: {'first_name': ['Carolyn'], 'middle_name': [], 'last_name': ['Fairbairn'], 'designation': 'Non-Executive Director'}, 8: {'first_name': ['Nicholas'], 'middle_name': ['John'], 'last_name': ['Anderson'], 'designation': 'Non-Executive Independent Director'}, 9: {'first_name': ['Elizabeth'], 'middle_name': ['P.L.'], 'last_name': ['Corley'], 'designation': 'Non-Executive Independent Director'}, 10: {'first_name': ['Jane'], 'middle_name': ['Veronica'], 'last_name': ['Griffiths'], 'designation': 'Non-Executive Independent Director'}, 11: {'first_name': ['Christopher'], 'middle_name': ['Montague'], 'last_name': ['Grigg'], 'designation': 'Senior Non-Executive Independent Director'}, 12: {'first_name': ['Stephen'], 'middle_name': ['Thomas'], 'last_name': ['Pearce'], 'designation': 'Non-Executive Independent Director'}, 13: {'first_name': ['Nicole'], 'middle_name': ['Weyerhaeuser'], 'last_name': ['Piasecki'], 'designation': 'Non-Executive Independent Director'}, 14: {'first_name': ['Ian'], 'middle_name': ['Paul'], 'last_name': ['Tyler'], 'designation': 'Non-Executive Independent Director'}}
30|AVIVA PLC|['St. Helens, 1 Undershaft', 'EC3P 3DQ', 'United Kingdom']|['+44.1603.622200']|https://www.aviva.com/|['45,978.00']|['2,697.00']|2,798.00|['2,798.00', '2,548.00', '1,568.00']|479,857.00|16,623.00|{0: {'first_name': ['George'], 'middle_name': [], 'last_name': ['Culmer'], 'designation': 'Non-Executive Chairman of the Board'}, 1: {'first_name': ['Amanda'], 'middle_name': ['Jayne'], 'last_name': ['Blanc'], 'designation': 'Chief Executive Officer, Executive Director'}, 2: {'first_name': ['Jason'], 'middle_name': ['Michael'], 'last_name': ['Windsor'], 'designation': 'Chief Financial Officer, Executive Director'}, 3: {'first_name': ['Kirstine'], 'middle_name': [], 'last_name': ['Cooper'], 'designation': 'Group General Counsel, Company Secretary'}, 4: {'first_name': ['Patricia'], 'middle_name': ['Anne'], 'last_name': ['Cross'], 'designation': 'Independent Non-Executive Director'}, 5: {'first_name': ['Patrick'], 'middle_name': ['G.'], 'last_name': ['Flynn'], 'designation': 'Senior Independent Non-Executive Director'}, 6: {'first_name': ['Belen'], 'middle_name': ['Romana'], 'last_name': ['Garcia'], 'designation': 'Independent Non-Executive Director'}, 7: {'first_name': ['Mohit'], 'middle_name': [], 'last_name': ['Joshi'], 'designation': 'Independent Non-Executive Director'}, 8: {'first_name': ['Pippa'], 'middle_name': [], 'last_name': ['Lambert'], 'designation': 'Independent Non-Executive Director'}, 9: {'first_name': ['Jim'], 'middle_name': [], 'last_name': ['McConville'], 'designation': 'Independent Non-Executive Director'}, 10: {'first_name': ['Michael'], 'middle_name': ['Philip'], 'last_name': ['Mire'], 'designation': 'Independent Non-Executive Director'}}
31|J SAINSBURY PLC|['33 Holborn', 'EC1N 2HT', 'United Kingdom']|['+44.20.76956000']|https://www.about.sainsburys.co.uk/|['29,048.00']|['79.00']|(280.00)|['(280.00)', '152.00', '186.00']|25,162.00|4,546.00|"{0: {'first_name': ['Martin'], 'middle_name': ['A.'], 'last_name': ['Scicluna'], 'designation': 'Non-Executive Chairman of the Board'}, 1: {'first_name': ['Simon'], 'middle_name': ['John'], 'last_name': ['Roberts'], 'designation': 'Chief Executive Officer, Director'}, 2: {'first_name': ['Kevin'], 'middle_name': [], 'last_name': [""O'Byrne""], 'designation': 'Chief Financial Officer, Director'}, 3: {'first_name': ['James'], 'middle_name': [], 'last_name': ['Brown'], 'designation': 'Chief Executive Officer - Sainsburyâ€™s Bank'}, 4: {'first_name': ['Phil'], 'middle_name': [], 'last_name': ['Jordan'], 'designation': 'Group Chief Information Officer'}, 5: {'first_name': ['Angie'], 'middle_name': [], 'last_name': ['Risley'], 'designation': 'Group Human Resources Director'}, 6: {'first_name': ['Paul'], 'middle_name': [], 'last_name': ['Mills-Hicks'], 'designation': 'Food Commercial Director'}, 7: {'first_name': ['Clodagh'], 'middle_name': [], 'last_name': ['Moriarty'], 'designation': 'Group Chief Digital Officer'}, 8: {'first_name': ['Tim'], 'middle_name': [], 'last_name': ['Fallowfield'], 'designation': 'Company Secretary, Corporate Services Director'}, 9: {'first_name': ['Adrian'], 'middle_name': ['Nevil'], 'last_name': ['Hennah'], 'designation': 'Non-Executive Director'}, 10: {'first_name': ['Tanuj'], 'middle_name': [], 'last_name': ['Kapilashrami'], 'designation': 'Non-Executive Director'}, 11: {'first_name': ['Keith'], 'middle_name': [], 'last_name': ['Weed'], 'designation': 'Non-Executive Director'}, 12: {'first_name': ['Brian'], 'middle_name': [], 'last_name': ['Cassin'], 'designation': 'Non-Executive Independent Director'}, 13: {'first_name': ['Jo'], 'middle_name': [], 'last_name': ['Harlow'], 'designation': 'Non-Executive Independent Director'}, 14: {'first_name': ['David'], 'middle_name': ['W.'], 'last_name': ['Keens'], 'designation': 'Non-Executive Independent Director'}, 15: {'first_name': ['Dame'], 'middle_name': ['Susan'], 'last_name': ['Rice'], 'designation': 'Senior Non-Executive Independent Director'}}"
32|TESCO PLC|['Cirrus a, Shire Park, Kestrel Way', 'AL7 1GA', 'United Kingdom']|['+44.1992.632222']|https://www.tescoplc.com|['57,887.00']|['1,736.00']|6,143.00|['6,143.00', '971.00', '1,270.00']|45,778.00|6,611.00|{0: {'first_name': ['John'], 'middle_name': ['Murray'], 'last_name': ['Allan'], 'designation': 'Non-Executive Chairman of the Board'}, 1: {'first_name': ['Ken'], 'middle_name': [], 'last_name': ['Murphy'], 'designation': 'Group Chief Executive Officer, Executive Director'}, 2: {'first_name': ['Imran'], 'middle_name': [], 'last_name': ['Nawaz'], 'designation': 'Chief Financial Officer'}, 3: {'first_name': ['Alison'], 'middle_name': [], 'last_name': ['Horner'], 'designation': 'Chief Executive Officer - Asia'}, 4: {'first_name': ['Gerry'], 'middle_name': [], 'last_name': ['Mallon'], 'designation': 'Chief Executive - Tesco Bank'}, 5: {'first_name': ['Matthew'], 'middle_name': [], 'last_name': ['Simister'], 'designation': 'Chief Executive Officer, Central Europe'}, 6: {'first_name': ['Jason'], 'middle_name': ['Mark'], 'last_name': ['Tarry'], 'designation': 'Chief Executive Officer - UK & ROI'}, 7: {'first_name': ['Charles'], 'middle_name': ['A.'], 'last_name': ['Wilson'], 'designation': 'Chief Executive Officer - Booker'}, 8: {'first_name': ['Antony'], 'middle_name': [], 'last_name': ['Hoggett'], 'designation': 'Chief Operating Officer'}, 9: {'first_name': ['Adrian'], 'middle_name': ['Charles'], 'last_name': ['Morris'], 'designation': 'Group General Counsel'}, 10: {'first_name': ['Natasha'], 'middle_name': [], 'last_name': ['Adams'], 'designation': 'Chief People Officer'}, 11: {'first_name': ['Alessandra'], 'middle_name': [], 'last_name': ['Bellini'], 'designation': 'Chief Customer Officer'}, 12: {'first_name': ['Christine'], 'middle_name': [], 'last_name': ['Heffernan'], 'designation': 'Group Communications Director'}, 13: {'first_name': ['Andrew'], 'middle_name': [], 'last_name': ['Yaxley'], 'designation': 'Chief Product Officer'}, 14: {'first_name': ['Robert'], 'middle_name': ['John'], 'last_name': ['Welch'], 'designation': 'Group Company Secretary'}, 15: {'first_name': ['Melissa'], 'middle_name': ['W.'], 'last_name': ['Bethell'], 'designation': 'Independent Non-Executive Director'}, 16: {'first_name': ['Thierry'], 'middle_name': [], 'last_name': ['Garnier'], 'designation': 'Independent Non-Executive Director'}, 17: {'first_name': ['Stewart'], 'middle_name': ['Charles'], 'last_name': ['Gilliland'], 'designation': 'Independent Non-Executive Director'}, 18: {'first_name': ['Steve'], 'middle_name': [], 'last_name': ['Golsby'], 'designation': 'Independent Non-Executive Director'}, 19: {'first_name': ['Byron'], 'middle_name': ['Elmer'], 'last_name': ['Grote'], 'designation': 'Senior Independent Non-Executive Director'}, 20: {'first_name': ['Simon'], 'middle_name': [], 'last_name': ['Patterson'], 'designation': 'Independent Non-Executive Director'}, 21: {'first_name': ['Alison'], 'middle_name': [], 'last_name': ['Platt'], 'designation': 'Independent Non-Executive Director'}, 22: {'first_name': ['Lindsey'], 'middle_name': [], 'last_name': ['Pownall'], 'designation': 'Independent Non-Executive Director'}}
33|CHUBB SERVICES UK LIMITED||||||||||
34|HSBC BANK PLC|['116 Archbishop Street', 'VLT 1444', 'Malta']|['+1.365.23802404']|https://www.hsbc.com.mt|[]|[]|7.57|['7.57', '20.17', '28.70']|6,730.46|337.60|{0: {'first_name': ['Saviour'], 'middle_name': ['Sive', 'Sonny'], 'last_name': ['Portelli'], 'designation': 'Non-Executive Chairman of the Board'}, 1: {'first_name': ['Mark'], 'middle_name': ['R.', 'P.'], 'last_name': ['Watkinson'], 'designation': 'Chief Executive Officer, Executive Director'}, 2: {'first_name': ['Charlotte'], 'middle_name': [], 'last_name': ['Cilia'], 'designation': 'Chief Financial Officer'}, 3: {'first_name': ['Philip'], 'middle_name': [], 'last_name': ['Farrugia'], 'designation': 'Chief Technology and Services Officer, Executive Director'}, 4: {'first_name': ['Mandy'], 'middle_name': [], 'last_name': ['Falzon'], 'designation': 'Chief Compliance Officer'}, 5: {'first_name': ['Stewart'], 'middle_name': [], 'last_name': ['Luscott-Evans'], 'designation': 'Chief Risk Officer'}, 6: {'first_name': ['Franco'], 'middle_name': [], 'last_name': ['Aloisio'], 'designation': 'Head - Communications'}, 7: {'first_name': ['Chris'], 'middle_name': [], 'last_name': ['Bond'], 'designation': 'Head - Global Banking and Markets'}, 8: {'first_name': ['Joseph'], 'middle_name': [], 'last_name': ['Borg'], 'designation': 'Head - IT'}, 9: {'first_name': ['Peter'], 'middle_name': [], 'last_name': ['Calleya'], 'designation': 'Head - Capital Management and Planning'}, 10: {'first_name': ['Michel'], 'middle_name': [], 'last_name': ['Cordina'], 'designation': 'Head - Commercial Banking'}, 11: {'first_name': ['James'], 'middle_name': [], 'last_name': ['Hewitson'], 'designation': 'Managing Director of HSBC Life Assurance (Malta) Ltd.'}, 12: {'first_name': ['John'], 'middle_name': [], 'last_name': ['Sammut'], 'designation': 'Head - Audit, Compliance and Legal'}, 13: {'first_name': ['Mark'], 'middle_name': [], 'last_name': ['Sims'], 'designation': 'Head - Human Resources'}, 14: {'first_name': ['Paul'], 'middle_name': [], 'last_name': ['Steel'], 'designation': 'Head - Retail Banking and Wealth Management'}, 15: {'first_name': ['Brian'], 'middle_name': [], 'last_name': ['Tortell'], 'designation': 'Head - Marketing'}, 16: {'first_name': ['George'], 'middle_name': [], 'last_name': ['Brancaleone'], 'designation': 'Company Secretary'}, 17: {'first_name': ['Ingrid'], 'middle_name': [], 'last_name': ['Azzopardi'], 'designation': 'Director'}, 18: {'first_name': ['Andrew'], 'middle_name': [], 'last_name': ['Muscat'], 'designation': 'Director'}, 19: {'first_name': ['Mary'], 'middle_name': ['Anne', 'Sive', 'Sue'], 'last_name': ['Vella'], 'designation': 'Director'}, 20: {'first_name': ['Peter'], 'middle_name': ['W.'], 'last_name': ['Boyles'], 'designation': 'Non-Executive Director'}, 21: {'first_name': ['Charles'], 'middle_name': ['John'], 'last_name': ['Farrugia'], 'designation': 'Non-Executive Director'}, 22: {'first_name': ['Philip'], 'middle_name': ['Farrugia'], 'last_name': ['Randon'], 'designation': 'Non-Executive Director'}, 23: {'first_name': ['James'], 'middle_name': ['Dunbar'], 'last_name': ['Cousin'], 'designation': 'Non-Executive Independent Director'}, 24: {'first_name': ['Peter'], 'middle_name': ['Paul', 'Testaferrata', 'Moroni'], 'last_name': ['Viani'], 'designation': 'Non-Executive Independent Director'}}
35|ASTRAZENECA PLC|['1 Francis Crick Avenue', 'CB2 0AA', 'United Kingdom']|['+44.20.73045000']|https://www.astrazeneca.com/Home|['26,617.00']|['5,162.00']|3,196.00|['3,196.00', '1,335.00', '2,155.00']|66,729.00|7,323.00|{0: {'first_name': ['Leif'], 'middle_name': [], 'last_name': ['Johansson'], 'designation': 'Independent Non-Executive Chairman of the Board'}, 1: {'first_name': ['Pascal'], 'middle_name': [], 'last_name': ['Soriot'], 'designation': 'Chief Executive Officer, Executive Director'}, 2: {'first_name': ['Marc'], 'middle_name': [], 'last_name': ['Dunoyer'], 'designation': 'Chief Financial Officer, Executive Director'}, 3: {'first_name': ['Jeffrey'], 'middle_name': ['A.'], 'last_name': ['Pott'], 'designation': 'Chief Human Resource Officer, General Counsel'}, 4: {'first_name': ['Katarina'], 'middle_name': [], 'last_name': ['Ageborg'], 'designation': 'Executive Vice President - Sustainability, Chief Compliance Officer'}, 5: {'first_name': ['Jose'], 'middle_name': [], 'last_name': ['Baselga'], 'designation': 'Executive Vice President - Research & Development Oncology'}, 6: {'first_name': ['Pam'], 'middle_name': ['P.'], 'last_name': ['Cheng'], 'designation': 'Executive Vice President - Operations and Information Technology'}, 7: {'first_name': ['Ruud'], 'middle_name': [], 'last_name': ['Dobber'], 'designation': 'Executive Vice President - BioPharmaceuticals Business'}, 8: {'first_name': ['David'], 'middle_name': [], 'last_name': ['Fredrickson'], 'designation': 'Executive Vice President - Oncology Business'}, 9: {'first_name': ['Menelas'], 'middle_name': [], 'last_name': ['Pangalos'], 'designation': 'Executive Vice President - Research & Development BioPharmaceuticals'}, 10: {'first_name': ['Iskra'], 'middle_name': [], 'last_name': ['Reic'], 'designation': 'Executive Vice President - Europe and Canada'}, 11: {'first_name': ['Leon'], 'middle_name': [], 'last_name': ['Wang'], 'designation': 'Executive Vice President - International and China President'}, 12: {'first_name': ['Adrian'], 'middle_name': ['C.', 'N.'], 'last_name': ['Kemp'], 'designation': 'Company Secretary'}, 13: {'first_name': ['Euan'], 'middle_name': [], 'last_name': ['Ashley'], 'designation': 'Non-Executive Director'}, 14: {'first_name': ['Diana'], 'middle_name': [], 'last_name': ['Layfield'], 'designation': 'Non-Executive Director'}, 15: {'first_name': ['Tony'], 'middle_name': ['S.', 'K.'], 'last_name': ['Mok'], 'designation': 'Non-Executive Director'}, 16: {'first_name': ['Marcus'], 'middle_name': [], 'last_name': ['Wallenberg'], 'designation': 'Non-Executive Director'}, 17: {'first_name': ['Philip'], 'middle_name': [], 'last_name': ['Broadley'], 'designation': 'Senior Non-Executive Independent Director'}, 18: {'first_name': ['Michel'], 'middle_name': [], 'last_name': ['Demare'], 'designation': 'Non-Executive Independent Director'}, 19: {'first_name': ['Deborah'], 'middle_name': ['DiSanzo'], 'last_name': ['Eldracher'], 'designation': 'Non-Executive Independent Director'}, 20: {'first_name': ['Sherilyn'], 'middle_name': ['S.'], 'last_name': ['McCoy'], 'designation': 'Non-Executive Independent Director'}, 21: {'first_name': ['Nazneen'], 'middle_name': [], 'last_name': ['Rahman'], 'designation': 'Non-Executive Independent Director'}}
36|BT GROUP PLC|['Bt Centre, 81 Newgate Street', 'EC1A 7AJ', 'United Kingdom']|['+44.20.73565000']|https://www.bt.com/|['21,370.00']|['2,569.00']|1,472.00|['1,472.00', '1,734.00', '2,159.00']|50,877.00|9,863.00|{0: {'first_name': ['Philip'], 'middle_name': [], 'last_name': ['Jansen'], 'designation': 'Chief Executive, Executive Director'}, 1: {'first_name': ['Simon'], 'middle_name': ['Jonathan'], 'last_name': ['Lowth'], 'designation': 'Chief Financial Officer, Executive Director'}, 2: {'first_name': ['Marc'], 'middle_name': [], 'last_name': ['Allera'], 'designation': 'CEO, Consumer'}, 3: {'first_name': ['Bas'], 'middle_name': [], 'last_name': ['Burger'], 'designation': 'CEO, Global Services'}, 4: {'first_name': ['Clive'], 'middle_name': [], 'last_name': ['Selley'], 'designation': 'CEO, Openreach'}, 5: {'first_name': ['Rob'], 'middle_name': [], 'last_name': ['Shuter'], 'designation': 'Chief Enterprise Officer - Enterprise'}, 6: {'first_name': ['Howard'], 'middle_name': [], 'last_name': ['Watson'], 'designation': 'Chief Technology and Information Officer'}, 7: {'first_name': ['Rachel'], 'middle_name': [], 'last_name': ['Canham'], 'designation': 'General Counsel, Governance and Company Secretary'}, 8: {'first_name': ['Sabine'], 'middle_name': [], 'last_name': ['Chalmers'], 'designation': 'General Counsel'}, 9: {'first_name': ['Alison'], 'middle_name': [], 'last_name': ['Wilcox'], 'designation': 'Human Resources Director'}, 10: {'first_name': ['Ed'], 'middle_name': [], 'last_name': ['Petter'], 'designation': 'Corporate Affairs Director'}, 11: {'first_name': ['Michael'], 'middle_name': [], 'last_name': ['Sherman'], 'designation': 'Chief Strategy and Transformation Officer'}, 12: {'first_name': ['Adel'], 'middle_name': [], 'last_name': ['Al-Saleh'], 'designation': 'Non-Independent Non-Executive Director'}, 13: {'first_name': ['Sara'], 'middle_name': ['V.'], 'last_name': ['Weller'], 'designation': 'Non-Executive Director'}, 14: {'first_name': ['Iain'], 'middle_name': ['C.'], 'last_name': ['Conn'], 'designation': 'Senior Independent Director'}, 15: {'first_name': ['Ian'], 'middle_name': ['Michael'], 'last_name': ['Cheshire'], 'designation': 'Non-Executive Independent Director'}, 16: {'first_name': ['Isabel'], 'middle_name': ['F.'], 'last_name': ['Hudson'], 'designation': 'Independent Non-Executive Director'}, 17: {'first_name': ['Michael'], 'middle_name': ['James'], 'last_name': ['Inglis'], 'designation': 'Independent Non-Executive Director'}, 18: {'first_name': ['Matthew'], 'middle_name': [], 'last_name': ['Key'], 'designation': 'Independent Non-Executive Director'}, 19: {'first_name': ['Allison'], 'middle_name': [], 'last_name': ['Kirkby'], 'designation': 'Independent Non-Executive Director'}, 20: {'first_name': ['Leena'], 'middle_name': [], 'last_name': ['Nair'], 'designation': 'Non-Executive Independent Director'}}
37|BARCLAYS PLC|['Canary Wharf, 1 Churchill Place', 'E14 5HP', 'United Kingdom']|['+44.20.31340952']|https://www.home.barclays/|[]|[]|2,383.00|['2,383.00', '3,274.00', '2,349.00']|1,349,514.00|45,537.00|{0: {'first_name': ['Nigel'], 'middle_name': [], 'last_name': ['Higgins'], 'designation': 'Group Chairman of the Board'}, 1: {'first_name': ['James'], 'middle_name': ['E.'], 'last_name': ['Staley'], 'designation': 'Group Chief Executive, Executive Director'}, 2: {'first_name': ['Tushar'], 'middle_name': [], 'last_name': ['Morzaria'], 'designation': 'Group Finance Director, Executive Director'}, 3: {'first_name': ['Paul'], 'middle_name': ['H.'], 'last_name': ['Compton'], 'designation': 'Global Head of Banking and Co-President of Barclays Bank PLC'}, 4: {'first_name': ['Matt'], 'middle_name': [], 'last_name': ['Hammerstein'], 'designation': 'Chief Executive officer - Barclays UK'}, 5: {'first_name': ['Ashok'], 'middle_name': ['V.'], 'last_name': ['Vaswani'], 'designation': 'Chief Executive Officer - Consumer Banking & Payments'}, 6: {'first_name': ['C.S.'], 'middle_name': [], 'last_name': ['Venkatakrishnan'], 'designation': 'Global Head of Markets and Co-President of Barclays Bank PLC'}, 7: {'first_name': ['Mark'], 'middle_name': ['Ashton'], 'last_name': ['Rigby'], 'designation': 'Group Chief Operating Officer'}, 8: {'first_name': ['Laura'], 'middle_name': [], 'last_name': ['Padovani'], 'designation': 'Group Chief Compliance Officer'}, 9: {'first_name': ['Taalib'], 'middle_name': [], 'last_name': ['Shah'], 'designation': 'Group Chief Risk Officer'}, 10: {'first_name': ['Stephen'], 'middle_name': [], 'last_name': ['Shapiro'], 'designation': 'Group General Counsel, Group Company Secretary'}, 11: {'first_name': ['Tristram'], 'middle_name': [], 'last_name': ['Roberts'], 'designation': 'Group Human Resources Director'}, 12: {'first_name': ['Alistair'], 'middle_name': [], 'last_name': ['Currie'], 'designation': 'Head of Corporate Banking'}, 13: {'first_name': ['Stephen'], 'middle_name': [], 'last_name': ['Dainton'], 'designation': 'Global Head of Markets'}, 14: {'first_name': ['Sasha'], 'middle_name': [], 'last_name': ['Wiggins'], 'designation': 'Group Head of Public Policy & Corporate Responsibility'}, 15: {'first_name': ['Michael'], 'middle_name': [], 'last_name': ['Ashley'], 'designation': 'Non-Executive Independent Director'}, 16: {'first_name': ['Timothy'], 'middle_name': ['J.'], 'last_name': ['Breedon'], 'designation': 'Non-Executive Independent Director'}, 17: {'first_name': ['Mohamed'], 'middle_name': ['A.'], 'last_name': ['El-Erian'], 'designation': 'Non-Executive Independent Director'}, 18: {'first_name': ['Dawn'], 'middle_name': [], 'last_name': ['Fitzpatrick'], 'designation': 'Non-Executive Independent Director'}, 19: {'first_name': ['Mary'], 'middle_name': ['E.'], 'last_name': ['Francis'], 'designation': 'Non-Executive Independent Director'}, 20: {'first_name': ['Crawford'], 'middle_name': [], 'last_name': ['Gillies'], 'designation': 'Non-Executive Independent Director'}, 21: {'first_name': ['Brian'], 'middle_name': [], 'last_name': ['Gilvary'], 'designation': 'Senior Non-Executive Independent Director'}, 22: {'first_name': ['Diane'], 'middle_name': ['Lynn'], 'last_name': ['Schueneman'], 'designation': 'Non-Executive Independent Director'}}
38|ADMIRAL GROUP PLC|['Ty Admiral, David Street', 'CF10 2EH', 'United Kingdom']|['+44.871.8828282']|https://admiralgroup.co.uk/|['1,305.30']|['606.20']|528.80|['528.80', '432.40', '395.10']|7,842.20|1,099.30|{0: {'first_name': ['Annette'], 'middle_name': ['Elizabeth'], 'last_name': ['Court'], 'designation': 'Non-Executive Independent Chairman of the Board'}, 1: {'first_name': ['Milena'], 'middle_name': ['Mondini', 'de'], 'last_name': ['Focatiis'], 'designation': 'Chief Executive Officer, Executive Director'}, 2: {'first_name': ['Geraint'], 'middle_name': [], 'last_name': ['Jones'], 'designation': 'Chief Financial Officer, Executive Director'}, 3: {'first_name': ['Mark'], 'middle_name': [], 'last_name': ['Waters'], 'designation': 'Company Secretary'}, 4: {'first_name': ['Evelyn'], 'middle_name': [], 'last_name': ['Bourke'], 'designation': 'Non-Executive Independent Director'}, 5: {'first_name': ['Michael'], 'middle_name': [], 'last_name': ['Brierley'], 'designation': 'Non-Executive Independent Director'}, 6: {'first_name': ['Owen'], 'middle_name': ['J.'], 'last_name': ['Clarke'], 'designation': 'Senior Non-Executive Independent Director'}, 7: {'first_name': ['Andy'], 'middle_name': [], 'last_name': ['Crossley'], 'designation': 'Non-Executive Independent Director'}, 8: {'first_name': ['Karen'], 'middle_name': [], 'last_name': ['Green'], 'designation': 'Non-Executive Independent Director'}, 9: {'first_name': ['Jean'], 'middle_name': ['C.'], 'last_name': ['Park'], 'designation': 'Non-Executive Independent Director'}, 10: {'first_name': ['Jayaprakasa'], 'middle_name': ['C.', 'S.'], 'last_name': ['Rangaswami'], 'designation': 'Non-Executive Independent Director'}, 11: {'first_name': ['Justine'], 'middle_name': [], 'last_name': ['Roberts'], 'designation': 'Non-Executive Independent Director'}, 12: {'first_name': ['G.'], 'middle_name': ['Manning'], 'last_name': ['Rountree'], 'designation': 'Non-Executive Independent Director'}}
39|ROYAL MAIL GROUP LIMITED||||||||||
40|DIAGEO PLC|['Lakeside Drive, Park Royal', 'NW10 7HQ', 'United Kingdom']|['+44.20.89786000']|https://www.diageo.com/|['11,752.00']|['2,114.00']|1,409.00|['1,409.00', '3,160.00', '3,022.00']|33,308.00|7,544.00|"{0: {'first_name': ['Javier'], 'middle_name': ['Ferran'], 'last_name': ['Larraz'], 'designation': 'Non-Executive Chairman of the Board'}, 1: {'first_name': ['Ivan'], 'middle_name': ['M.'], 'last_name': ['Menezes'], 'designation': 'Chief Executive Officer, Executive Director'}, 2: {'first_name': ['Kathryn'], 'middle_name': ['A.'], 'last_name': ['Mikells'], 'designation': 'Chief Financial Officer, Executive Director'}, 3: {'first_name': ['Ewan'], 'middle_name': [], 'last_name': ['Andrew'], 'designation': 'President - Global Supply and Procurement'}, 4: {'first_name': ['Debra'], 'middle_name': ['Ann'], 'last_name': ['Crew'], 'designation': 'President - Diageo North America'}, 5: {'first_name': ['Samuel'], 'middle_name': ['Andrew'], 'last_name': ['Fischer'], 'designation': 'President - Diageo Greater China and Asia Pacific'}, 6: {'first_name': ['Alberto'], 'middle_name': [], 'last_name': ['Gavazzi'], 'designation': 'President - Diageo Latin America and Caribbean, Global Travel & Sales Opex'}, 7: {'first_name': ['John'], 'middle_name': ['Thomas'], 'last_name': ['Kennedy'], 'designation': 'President - Diageo Europe, Turkey and India'}, 8: {'first_name': ['Anand'], 'middle_name': [], 'last_name': ['Kripalu'], 'designation': 'Chief Executive Officer - United Spirits Limited'}, 9: {'first_name': ['John'], 'middle_name': [], 'last_name': [""O'Keeffe""], 'designation': 'President - Diageo Africa'}, 10: {'first_name': ['Mairead'], 'middle_name': [], 'last_name': ['Nayager'], 'designation': 'Chief Human Resource Officer'}, 11: {'first_name': ['Cristina'], 'middle_name': [], 'last_name': ['Diezhandino'], 'designation': 'Chief Marketing Officer'}, 12: {'first_name': ['Siobhan'], 'middle_name': [], 'last_name': ['Moriarty'], 'designation': 'General Counsel, Company Secretary, Non-Executive Director'}, 13: {'first_name': ['Daniel'], 'middle_name': [], 'last_name': ['Mobley'], 'designation': 'Corporate Relations Director'}, 14: {'first_name': ['Valerie'], 'middle_name': [], 'last_name': ['Chapoulaud-Floquet'], 'designation': 'Non-Executive Director'}, 15: {'first_name': ['John'], 'middle_name': [], 'last_name': ['Manzoni'], 'designation': 'Non-Executive Director'}, 16: {'first_name': ['Ireena'], 'middle_name': [], 'last_name': ['Vittal'], 'designation': 'Non-Executive Director'}, 17: {'first_name': ['Melissa'], 'middle_name': ['W.'], 'last_name': ['Bethell'], 'designation': 'Non-Executive Independent Director'}, 18: {'first_name': ['Susan'], 'middle_name': ['Saltzbart'], 'last_name': ['Kilsby'], 'designation': 'Senior Non-Executive Independent Director'}, 19: {'first_name': ['Nicola'], 'middle_name': ['S.'], 'last_name': ['Mendelsohn'], 'designation': 'Non-Executive Independent Director'}, 20: {'first_name': ['Alan'], 'middle_name': ['J.', 'H.'], 'last_name': ['Stewart'], 'designation': 'Non-Executive Independent Director'}}"
41|NORTON ROSE FULBRIGHT LLP||||||||||
42|ROLLS-ROYCE PLC|['10 Moor Lane', 'DE72 2AG', 'United Kingdom']|['+44.20.72229020']|https://www.rolls-royce.com/investors.aspx|['11,824.00']|['(2,095.00)']|(3,170.00)|['(3,170.00)', '(1,315.00)', '(2,401.00)']|29,517.00|(8,013.00)|{0: {'first_name': ['Ian'], 'middle_name': ['E.', 'L.'], 'last_name': ['Davis'], 'designation': 'Non-Executive Independent Chairman of the Board'}, 1: {'first_name': ['D.'], 'middle_name': ['Warren', 'A.'], 'last_name': ['East'], 'designation': 'Chief Executive, Executive Director'}, 2: {'first_name': ['Panos'], 'middle_name': [], 'last_name': ['Kakoullis'], 'designation': 'Chief Financial Officer, Executive Director'}, 3: {'first_name': ['Pamela'], 'middle_name': [], 'last_name': ['Coles'], 'designation': 'Company Secretary, Chief Governance Officer'}, 4: {'first_name': ['Paul'], 'middle_name': ['R.'], 'last_name': ['Adams'], 'designation': 'Non-Executive Independent Director'}, 5: {'first_name': ['George'], 'middle_name': [], 'last_name': ['Culmer'], 'designation': 'Non-Executive Independent Director'}, 6: {'first_name': ['Irene'], 'middle_name': ['M.'], 'last_name': ['Dorner'], 'designation': 'Non-Executive Independent Director'}, 7: {'first_name': ['Beverly'], 'middle_name': ['K.'], 'last_name': ['Goulet'], 'designation': 'Non-Executive Independent Director'}, 8: {'first_name': ['Hsien'], 'middle_name': ['Yang'], 'last_name': ['Lee'], 'designation': 'Non-Executive Independent Director'}, 9: {'first_name': ['Nick'], 'middle_name': [], 'last_name': ['Luff'], 'designation': 'Non-Executive Independent Director'}, 10: {'first_name': ['Kevin'], 'middle_name': [], 'last_name': ['Smith'], 'designation': 'Senior Independent Non-Executive Director'}, 11: {'first_name': ['Dame'], 'middle_name': ['Angela'], 'last_name': ['Strank'], 'designation': 'Non-Executive Independent Director'}}
43|ROYAL MAIL PLC|['100 Victoria Embankment', 'EC4Y 0HQ', 'United Kingdom']|['+44.020.74498183']|https://www.royalmailgroup.com/|['12,638.00']|['728.00']|620.00|['620.00', '161.00', '175.00']|9,985.00|4,795.00|"{0: {'first_name': ['Keith'], 'middle_name': [], 'last_name': ['Williams'], 'designation': 'Non-Executive Chairman of the Board'}, 1: {'first_name': ['James'], 'middle_name': [], 'last_name': ['Rietkerk'], 'designation': 'GLS Chief Executive Officer'}, 2: {'first_name': ['Simon'], 'middle_name': [], 'last_name': ['Thompson'], 'designation': 'Chief Executive of the UK business'}, 3: {'first_name': ['Sally'], 'middle_name': ['Anne'], 'last_name': ['Ashford'], 'designation': 'Chief Human Resource Officer'}, 4: {'first_name': ['Christian'], 'middle_name': [], 'last_name': ['Herrlich'], 'designation': 'Group Chief Information Officer'}, 5: {'first_name': ['Mark'], 'middle_name': [], 'last_name': ['Amsden'], 'designation': 'Group General Counsel and Company Secretary Chief Risk and Governance Officer'}, 6: {'first_name': ['Shane'], 'middle_name': [], 'last_name': [""O'Riordain""], 'designation': 'Managing Director - Corporate Affairs, Regulation and Marketing'}, 7: {'first_name': ['Michael'], 'middle_name': [], 'last_name': ['Jeavons'], 'designation': 'Executive Director'}, 8: {'first_name': ['Achim'], 'middle_name': [], 'last_name': ['Dunnwald'], 'designation': 'Chief Strategy & Transformation Officer'}, 9: {'first_name': ['Mel'], 'middle_name': [], 'last_name': ['Tomlin'], 'designation': 'Chief of Staff'}, 10: {'first_name': ['Martin'], 'middle_name': [], 'last_name': ['Seidenberg'], 'designation': 'Director'}, 11: {'first_name': ['Maria'], 'middle_name': ['da'], 'last_name': ['Cunha'], 'designation': 'Non-Executive Director'}, 12: {'first_name': ['Rita'], 'middle_name': [], 'last_name': ['Griffin'], 'designation': 'Non-Executive Independent Director'}, 13: {'first_name': ['Sarah'], 'middle_name': [], 'last_name': ['Hogg'], 'designation': 'Senior Independent Non-Executive Director'}, 14: {'first_name': ['Lynne'], 'middle_name': ['M.'], 'last_name': ['Peacock'], 'designation': 'Non-Executive Independent Director'}}"
44|MITIE LIMITED||||||||||
45|BALFOUR BEATTY GROUP LIMITED||||||||||
46|BREWIN DOLPHIN LIMITED||||||||||
47|ROYAL LONDON MANAGEMENT SERVICES LIMITED||||||||||
48|SAVILLS (UK) LIMITED||||||||||
49|ITV PLC|['The London Televison Centre', 'Upper Ground', '00000', 'United Kingdom']|['+44.20.72613061']|http://www.itvplc.com/|['2,781.00']|['356.00']|285.00|['285.00', '473.00', '466.00']|3,953.00|520.00|{0: {'first_name': ['Peter'], 'middle_name': ['Lytton'], 'last_name': ['Bazalgette'], 'designation': 'Non-Executive Chairman of the Board'}, 1: {'first_name': ['Carolyn'], 'middle_name': [], 'last_name': ['McCall'], 'designation': 'Chief Executive Officer, Executive Director'}, 2: {'first_name': ['Chris'], 'middle_name': [], 'last_name': ['Kennedy'], 'designation': 'Chief Financial Officer, Director'}, 3: {'first_name': ['Mark'], 'middle_name': [], 'last_name': ['Smith'], 'designation': 'Group Chief Technology Officer'}, 4: {'first_name': ['Kyla'], 'middle_name': [], 'last_name': ['Mullins'], 'designation': 'General Counsel and Company Secretary'}, 5: {'first_name': ['Julian'], 'middle_name': [], 'last_name': ['Bellamy'], 'designation': 'Managing Director - ITV Studios'}, 6: {'first_name': ['Kevin'], 'middle_name': [], 'last_name': ['Lygo'], 'designation': 'Managing Director of Media and Entertainment'}, 7: {'first_name': ['Rufus'], 'middle_name': [], 'last_name': ['Radcliffe'], 'designation': 'Managing Director of On Demand'}, 8: {'first_name': ['Kelly'], 'middle_name': [], 'last_name': ['Williams'], 'designation': 'Managing Director - Commercial'}, 9: {'first_name': ['David'], 'middle_name': [], 'last_name': ['Osborn'], 'designation': 'Group Human Resources Director'}, 10: {'first_name': ['Magnus'], 'middle_name': [], 'last_name': ['Brooke'], 'designation': 'Director of Policy & Regulatory Affairs'}, 11: {'first_name': ['Daniel'], 'middle_name': [], 'last_name': ['Colton'], 'designation': 'Director of Group Strategy and Transformation'}, 12: {'first_name': ['Paul'], 'middle_name': [], 'last_name': ['Moore'], 'designation': 'Group Communications and Corporate Affairs Director'}, 13: {'first_name': ['Ade'], 'middle_name': [], 'last_name': ['Rawcliffe'], 'designation': 'Group Director of Diversity and Inclusion'}, 14: {'first_name': ['Salman'], 'middle_name': [], 'last_name': ['Amin'], 'designation': 'Non-Executive Independent Director'}, 15: {'first_name': ['Edward'], 'middle_name': ['Bonham'], 'last_name': ['Carter'], 'designation': 'Senior Independent Non-Executive Director'}, 16: {'first_name': ['Graham'], 'middle_name': [], 'last_name': ['Cooke'], 'designation': 'Non-Executive Independent Director'}, 17: {'first_name': ['Margaret'], 'middle_name': [], 'last_name': ['Ewing'], 'designation': 'Non-Executive Independent Director'}, 18: {'first_name': ['Mary'], 'middle_name': ['E.'], 'last_name': ['Harris'], 'designation': 'Non-Executive Independent Director'}, 19: {'first_name': ['Anna'], 'middle_name': [], 'last_name': ['Manz'], 'designation': 'Non-Executive Independent Director'}, 20: {'first_name': ['Sharmila'], 'middle_name': [], 'last_name': ['Nebhrajani'], 'designation': 'Non-Executive Independent Director'}, 21: {'first_name': ['Duncan'], 'middle_name': [], 'last_name': ['Painter'], 'designation': 'Non-Executive Independent Director'}}
50|RSA INSURANCE GROUP PLC|['30 Berkeleysquare', '00000', 'United Kingdom']|['+44.1403.232323']|https://www.rsagroup.com/|['6,547.00']|['483.00']|345.00|['345.00', '359.00', '349.00']|20,706.00|1,621.00|{}
51|UNITED UTILITIES WATER LIMITED||||||||||
52|HOGAN LOVELLS INTERNATIONAL LLP||||||||||
53|CLOSE BROTHERS LIMITED||||||||||
54|NATIONWIDE BUILDING SOCIETY|['Nationwide House, Pipers Way', 'SN38 1NW', 'United Kingdom']|['+44.1604.853696']|https://www.nationwide.co.uk/|[]|[]|618.00|['618.00', '365.00', '636.00']|254,914.00|11,140.00|{0: {'first_name': ['David'], 'middle_name': ['L.'], 'last_name': ['Roberts'], 'designation': 'Non-Executive Independent Chairman of the Board'}, 1: {'first_name': ['Joe'], 'middle_name': [], 'last_name': ['Garner'], 'designation': 'Chief Executive Officer, Director'}, 2: {'first_name': ['Chris'], 'middle_name': ['S.'], 'last_name': ['Rhodes'], 'designation': 'Chief Financial Officer, Executive Director'}, 3: {'first_name': ['Alison'], 'middle_name': [], 'last_name': ['Robb'], 'designation': 'Deputy Chief Financial Officer'}, 4: {'first_name': ['Patrick'], 'middle_name': [], 'last_name': ['Eltridge'], 'designation': 'Chief Operating Officer'}, 5: {'first_name': ['Jane'], 'middle_name': [], 'last_name': ['Hanson'], 'designation': 'Chief Human Resource Officer'}, 6: {'first_name': ['Sara'], 'middle_name': [], 'last_name': ['Bennison'], 'designation': 'Chief Marketing Officer'}, 7: {'first_name': ['Julia'], 'middle_name': [], 'last_name': ['Dunn'], 'designation': 'Chief Risk Officer'}, 8: {'first_name': ['Janet'], 'middle_name': [], 'last_name': ['Chapman'], 'designation': 'Chief Internal Auditor'}, 9: {'first_name': ['Rachael'], 'middle_name': [], 'last_name': ['Sinclair'], 'designation': 'Leader, Homes and Dreams Member Mission'}, 10: {'first_name': ['Claire'], 'middle_name': [], 'last_name': ['Tracey'], 'designation': 'Chief Strategy Officer'}, 11: {'first_name': ['Mark'], 'middle_name': [], 'last_name': ['Chapman'], 'designation': 'Chief Legal Officer, Society Secretary'}, 12: {'first_name': ['Debbie'], 'middle_name': [], 'last_name': ['Klein'], 'designation': 'Non-Executive Director'}, 13: {'first_name': ['Phil'], 'middle_name': [], 'last_name': ['Rivett'], 'designation': 'Non-Executive Director'}, 14: {'first_name': ['Rita'], 'middle_name': [], 'last_name': ['Clifton'], 'designation': 'Non-Executive Independent Director'}, 15: {'first_name': ['Mai'], 'middle_name': [], 'last_name': ['Fyfield'], 'designation': 'Non-Executive Independent Director'}, 16: {'first_name': ['Albert'], 'middle_name': [], 'last_name': ['Hitchcock'], 'designation': 'Non-Executive Independent Director'}, 17: {'first_name': ['Kevin'], 'middle_name': ['Allen', 'Huw'], 'last_name': ['Parry'], 'designation': 'Senior Non-Executive Independent Director'}, 18: {'first_name': ['Baroness'], 'middle_name': ['Usha'], 'last_name': ['Prashar'], 'designation': 'Non-Executive Independent Director'}, 19: {'first_name': ['Tamara'], 'middle_name': [], 'last_name': ['Rajah'], 'designation': 'Non-Executive Independent Director'}, 20: {'first_name': ['Timothy'], 'middle_name': [], 'last_name': ['Tookey'], 'designation': 'Non-Executive Independent Director'}, 21: {'first_name': ['Gunn'], 'middle_name': [], 'last_name': ['Waersted'], 'designation': 'Non-Executive Independent Director'}}
55|COLT TECHNOLOGY SERVICES GROUP LIMITED||||||||||
56|RELX GROUP PLC||||||||||
57|DYSON INTERNATIONAL LIMITED||||||||||
58|VIRGIN MONEY PLC|['40 St Vincent Place,', 'G1 2HL', 'United Kingdom']|['+44.141.2487070']|https://www.cybg.com/|[]|[]|(141.00)|['(141.00)', '(212.00)', '(145.00)']|90,259.00|3,923.00|{0: {'first_name': ['David'], 'middle_name': [], 'last_name': ['Bennett'], 'designation': 'Non-Executive Independent Chairman of the Board'}, 1: {'first_name': ['David'], 'middle_name': ['J.'], 'last_name': ['Duffy'], 'designation': 'Chief Executive Officer, Executive Director'}, 2: {'first_name': ['Clifford'], 'middle_name': ['J.'], 'last_name': ['Abrahams'], 'designation': 'Group Chief Financial Officer, Executive Director'}, 3: {'first_name': ['Fraser'], 'middle_name': [], 'last_name': ['Ingram'], 'designation': 'Group Chief Operating Officer'}, 4: {'first_name': ['Mark'], 'middle_name': [], 'last_name': ['Thundercliffe'], 'designation': 'Group Chief Risk Officer'}, 5: {'first_name': ['James'], 'middle_name': [], 'last_name': ['Peirson'], 'designation': 'Group General Counsel'}, 6: {'first_name': ['Kate'], 'middle_name': [], 'last_name': ['Guthrie'], 'designation': 'Group Human Resources Director'}, 7: {'first_name': ['Hugh'], 'middle_name': [], 'last_name': ['Chater'], 'designation': 'Group Mortgages Director'}, 8: {'first_name': ['Lucy'], 'middle_name': [], 'last_name': ['Dimes'], 'designation': 'Chief Strategy & Transformation Officer'}, 9: {'first_name': ['Fergus'], 'middle_name': [], 'last_name': ['Murphy'], 'designation': 'Group Personal Banking Director'}, 10: {'first_name': ['Gavin'], 'middle_name': ['R.'], 'last_name': ['Opperman'], 'designation': 'Group Business Banking Director'}, 11: {'first_name': ['Helen'], 'middle_name': [], 'last_name': ['Page'], 'designation': 'Group Brand and Marketing Director'}, 12: {'first_name': ['Emma'], 'middle_name': [], 'last_name': ['Tottenham'], 'designation': 'Group Director of Corporate Communications and Sustainability'}, 13: {'first_name': ['Lorna'], 'middle_name': [], 'last_name': ['McMillan'], 'designation': 'Group Company Secretary'}, 14: {'first_name': ['Amy'], 'middle_name': [], 'last_name': ['Stirling'], 'designation': 'Non-Executive Director'}, 15: {'first_name': ['Paul'], 'middle_name': [], 'last_name': ['Coby'], 'designation': 'Independent Non-Executive Director'}, 16: {'first_name': ['Geeta'], 'middle_name': [], 'last_name': ['Gopalan'], 'designation': 'Independent Non-Executive Director'}, 17: {'first_name': ['Elena'], 'middle_name': [], 'last_name': ['Novokreshchenova'], 'designation': 'Independent Non-Executive Director'}, 18: {'first_name': ['Darren'], 'middle_name': [], 'last_name': ['Pope'], 'designation': 'Independent Non-Executive Director'}, 19: {'first_name': ['Timothy'], 'middle_name': [], 'last_name': ['Wade'], 'designation': 'Senior Non-Executive Independent Director'}}
59|BANK OF ENGLAND||||||||||
60|MICROSOFT LIMITED||||||||||
61|SIEMENS PUBLIC LIMITED COMPANY||||||||||
62|CIVICA UK LIMITED||||||||||
63|QINETIQ LIMITED||||||||||
64|HEWLETT PACKARD ENTERPRISE|['11445 COMPAQ CENTER DRIVE WEST', 'HOUSTON, TX', '77070', 'United States']|['+1.650.6875817']|http://investors.hpe.com/|['26,982.00']|['(430.00)']|(322.00)|['(322.00)', '1,049.00', '1,908.00']|54,015.00|(8,375.00)|{0: {'first_name': ['Patricia'], 'middle_name': ['F.'], 'last_name': ['Russo'], 'designation': 'Independent Chairman of the Board'}, 1: {'first_name': ['Antonio'], 'middle_name': ['F.'], 'last_name': ['Neri'], 'designation': 'President, Chief Executive Officer, Director'}, 2: {'first_name': ['Tarek'], 'middle_name': ['A.'], 'last_name': ['Robbiati'], 'designation': 'Chief Financial Officer, Executive Vice President'}, 3: {'first_name': ['Keerti'], 'middle_name': [], 'last_name': ['Melkote'], 'designation': 'President - Intelligent Edge'}, 4: {'first_name': ['Irving'], 'middle_name': ['H.'], 'last_name': ['Rothman'], 'designation': 'President and Chief Executive Officer of HPE Financial Services (FS)'}, 5: {'first_name': ['John'], 'middle_name': ['F.'], 'last_name': ['Schultz'], 'designation': 'Executive Vice President, Chief Operating and Legal Officer'}, 6: {'first_name': ['Alan'], 'middle_name': [], 'last_name': ['May'], 'designation': 'Executive Vice President and Chief People Officer'}, 7: {'first_name': ['Kirt'], 'middle_name': ['P.'], 'last_name': ['Karros'], 'designation': 'Senior Vice President - Finance, Treasurer'}, 8: {'first_name': ['Jeff'], 'middle_name': ['T.'], 'last_name': ['Ricci'], 'designation': 'Senior Vice President, Controller, Principal Accounting Officer'}, 9: {'first_name': ['Tom'], 'middle_name': [], 'last_name': ['Black'], 'designation': 'Senior Vice President, General Manager - Storage'}, 10: {'first_name': ['Neil'], 'middle_name': [], 'last_name': ['MacDonald'], 'designation': 'Senior Vice President, General Manager - Compute'}, 11: {'first_name': ['Peter'], 'middle_name': ['J.'], 'last_name': ['Ungaro'], 'designation': 'Senior Vice President, General Manager - High Performance Compute and Mission-Critical Systems and Hewlett Packard Labs'}, 12: {'first_name': ['Daniel'], 'middle_name': [], 'last_name': ['Ammann'], 'designation': 'Independent Director'}, 13: {'first_name': ['Pamela'], 'middle_name': ['Lynn'], 'last_name': ['Carter'], 'designation': 'Independent Director'}, 14: {'first_name': ['Jean'], 'middle_name': ['M.'], 'last_name': ['Hobby'], 'designation': 'Independent Director'}, 15: {'first_name': ['George'], 'middle_name': [], 'last_name': ['Kurtz'], 'designation': 'Independent Director'}, 16: {'first_name': ['Raymond'], 'middle_name': ['J.'], 'last_name': ['Lane'], 'designation': 'Independent Director'}, 17: {'first_name': ['Ann'], 'middle_name': ['M.'], 'last_name': ['Livermore'], 'designation': 'Independent Director'}, 18: {'first_name': ['Charles'], 'middle_name': ['H.'], 'last_name': ['Noski'], 'designation': 'Independent Director'}, 19: {'first_name': ['Raymond'], 'middle_name': ['E.'], 'last_name': ['Ozzie'], 'designation': 'Independent Director'}, 20: {'first_name': ['Gary'], 'middle_name': ['M.'], 'last_name': ['Reiner'], 'designation': 'Independent Director'}, 21: {'first_name': ['Mary'], 'middle_name': ['Agnes'], 'last_name': ['Wilderotter'], 'designation': 'Independent Director'}}
65|ARUP GROUP LIMITED||||||||||
66|MORGAN STANLEY |['522 5th Ave', 'NEW YORK, NY', '10036-7601', 'United States']|['+1.212.2966963']|http://www.morganstanley.com/|||||||{0: {'first_name': ['Michael'], 'middle_name': ['E.'], 'last_name': ['Nugent'], 'designation': 'Independent Chairman of the Board'}, 1: {'first_name': ['John'], 'middle_name': ['H.'], 'last_name': ['Gernon'], 'designation': 'President, Principal Executive Officer'}, 2: {'first_name': ['Francis'], 'middle_name': ['J.'], 'last_name': ['Smith'], 'designation': 'Treasurer, Principal Financial Officer'}, 3: {'first_name': ['Timothy'], 'middle_name': ['J.'], 'last_name': ['Knierim'], 'designation': 'Chief Compliance Officer'}, 4: {'first_name': ['Michael'], 'middle_name': ['J.'], 'last_name': ['Key'], 'designation': 'Vice President'}, 5: {'first_name': ['Mary'], 'middle_name': ['E.'], 'last_name': ['Mullin'], 'designation': 'Secretary'}, 6: {'first_name': ['Frank'], 'middle_name': ['L.'], 'last_name': ['Bowman'], 'designation': 'Independent Director'}, 7: {'first_name': ['Kathleen'], 'middle_name': ['A.'], 'last_name': ['Dennis'], 'designation': 'Independent Director'}, 8: {'first_name': ['Nancy'], 'middle_name': ['C.'], 'last_name': ['Everett'], 'designation': 'Independent Director'}, 9: {'first_name': ['Jakki'], 'middle_name': ['L.'], 'last_name': ['Haussler'], 'designation': 'Independent Director'}, 10: {'first_name': ['Manuel'], 'middle_name': ['H.'], 'last_name': ['Johnson'], 'designation': 'Independent Director'}, 11: {'first_name': ['Joseph'], 'middle_name': ['J.'], 'last_name': ['Kearns'], 'designation': 'Independent Director'}, 12: {'first_name': ['Michael'], 'middle_name': ['F.'], 'last_name': ['Klein'], 'designation': 'Independent Director'}, 13: {'first_name': ['Patricia'], 'middle_name': [], 'last_name': ['Maleski'], 'designation': 'Independent Director'}, 14: {'first_name': ['W.'], 'middle_name': ['Allen'], 'last_name': ['Reed'], 'designation': 'Independent Director'}}
67|POST OFFICE LIMITED||||||||||
68|AMERICAN EXPRESS SERVICES EUROPE LIMITED||||||||||
69|ORACLE CORPORATION UK LIMITED||||||||||
70|PINSENT MASONS LLP||||||||||
71|HARGREAVES LANSDOWN ASSET MANAGEMENT LIMITED||||||||||
72|AON UK LIMITED||||||||||
73|ARM LIMITED||||||||||
74|FUJITSU SERVICES LIMITED||||||||||
75|EXPERIAN LIMITED||||||||||
76|FINANCIAL OMBUDSMAN SERVICE LIMITED||||||||||
77|NETWORK RAIL INFRASTRUCTURE LIMITED||||||||||
78|HARRODS LIMITED||||||||||
79|FRESHFIELDS BRUCKHAUS DERINGER LLP||||||||||
80|YORKSHIRE BUILDING SOCIETY||||||||||
81|JAGUAR LAND ROVER AUTOMOTIVE PLC||||||||||
82|TOTAL SOLUTIONS||||||||||
83|JOHN LEWIS HORSHAM||||||||||
84|SMITH |['Building 5, Croxley Park, Hatters Lane', 'WD18 8YE', 'United Kingdom']|['+44.20.74017646']|http://www.smith-nephew.com/|['4,560.00']|['295.00']|448.00|['448.00', '600.00', '663.00']|11,012.00|4,647.00|"{0: {'first_name': ['Roberto'], 'middle_name': [], 'last_name': ['Quarta'], 'designation': 'Non-Executive Independent Chairman of the Board'}, 1: {'first_name': ['Roland'], 'middle_name': ['D.'], 'last_name': ['Diggelmann'], 'designation': 'Chief Executive Officer, Executive Director'}, 2: {'first_name': ['Anne-Francoise'], 'middle_name': ['Michele'], 'last_name': ['Nesmes'], 'designation': 'Chief Financial Officer, Executive Director'}, 3: {'first_name': ['Brad'], 'middle_name': [], 'last_name': ['Cannon'], 'designation': 'President - Sports Medicine & ENT'}, 4: {'first_name': ['Peter'], 'middle_name': [], 'last_name': ['Coenen'], 'designation': 'President - EMEA Region'}, 5: {'first_name': ['Myra'], 'middle_name': [], 'last_name': ['Eskes'], 'designation': 'President - Asia Pacific'}, 6: {'first_name': ['Simon'], 'middle_name': [], 'last_name': ['Fraser'], 'designation': 'President - Advanced Wound Management'}, 7: {'first_name': ['Mark'], 'middle_name': [], 'last_name': ['Gladwell'], 'designation': 'President - Global Operations and Global Business Services'}, 8: {'first_name': ['Skip'], 'middle_name': [], 'last_name': ['Kiil'], 'designation': 'President - Orthopedics'}, 9: {'first_name': ['Vasant'], 'middle_name': [], 'last_name': ['Padmanabhan'], 'designation': 'President - Research & Development'}, 10: {'first_name': ['Elga'], 'middle_name': [], 'last_name': ['Lohler'], 'designation': 'Chief Human Resource Officer'}, 11: {'first_name': ['Catheryn'], 'middle_name': [], 'last_name': [""O'Rourke""], 'designation': 'Chief Legal and Compliance Officer'}, 12: {'first_name': ['Phil'], 'middle_name': [], 'last_name': ['Cowdy'], 'designation': 'Chief Business Development and Corporate Affairs Officer'}, 13: {'first_name': ['Melissa'], 'middle_name': [], 'last_name': ['Guerdan'], 'designation': 'Chief Quality, Regulatory Affairs Officer'}, 14: {'first_name': ['Susan'], 'middle_name': [], 'last_name': ['Swabey'], 'designation': 'Company Secretary'}, 15: {'first_name': ['Erik'], 'middle_name': [], 'last_name': ['Engstrom'], 'designation': 'Non-Executive Independent Director'}, 16: {'first_name': ['Robin'], 'middle_name': ['Anthony', 'David'], 'last_name': ['Freestone'], 'designation': 'Senior Non-Executive Independent Director'}, 17: {'first_name': ['John'], 'middle_name': [], 'last_name': ['Ma'], 'designation': 'Non-Executive Independent Director'}, 18: {'first_name': ['Katarzyna'], 'middle_name': [], 'last_name': ['Mazur-Hofsaess'], 'designation': 'Non-Executive Independent Director'}, 19: {'first_name': ['Rick'], 'middle_name': [], 'last_name': ['Medlock'], 'designation': 'Non-Executive Independent Director'}, 20: {'first_name': ['Marc'], 'middle_name': ['E.'], 'last_name': ['Owen'], 'designation': 'Non-Executive Independent Director'}, 21: {'first_name': ['Angie'], 'middle_name': [], 'last_name': ['Risley'], 'designation': 'Non-Executive Independent Director'}, 22: {'first_name': ['Bob'], 'middle_name': [], 'last_name': ['White'], 'designation': 'Non-Executive Independent Director'}}"
85|CISCO INTERNATIONAL LIMITED||||||||||
86|HSBC UK BANK PLC||||||||||
87|BABCOCK INTERNATIONAL GROUP PLC|['33 Wigmore Street', 'W1U 1QX', 'United Kingdom']|['+44.20.73555300']|https://www.babcockinternational.com/|['4,449.50']|['(106.30)']|(195.20)|['(195.20)', '199.40', '336.30']|7,530.70|1,510.20|{0: {'first_name': ['Ruth'], 'middle_name': [], 'last_name': ['Cairnie'], 'designation': 'Non-Executive Independent Chairman of the Board'}, 1: {'first_name': ['David'], 'middle_name': [], 'last_name': ['Lockwood'], 'designation': 'Chief Executive Officer, Director'}, 2: {'first_name': ['David'], 'middle_name': [], 'last_name': ['Mellors'], 'designation': 'Chief Financial Officer'}, 3: {'first_name': ['Simon'], 'middle_name': [], 'last_name': ['Bowen'], 'designation': 'Chief Executive - Nuclear'}, 4: {'first_name': ['John'], 'middle_name': [], 'last_name': ['Davies'], 'designation': 'Chief Executive - Land'}, 5: {'first_name': ['Will'], 'middle_name': [], 'last_name': ['Erith'], 'designation': 'Chief Executive Officer of - Marine sector'}, 6: {'first_name': ['Neal'], 'middle_name': [], 'last_name': ['Misell'], 'designation': 'Chief Executive - Aviation'}, 7: {'first_name': ['Jon'], 'middle_name': [], 'last_name': ['Hall'], 'designation': 'Chief Innovation and Technology Officer'}, 8: {'first_name': ['Jack'], 'middle_name': [], 'last_name': ['Borrett'], 'designation': 'Group Company Secretary, General Counsel'}, 9: {'first_name': ['Kevin'], 'middle_name': [], 'last_name': ['Goodman'], 'designation': 'Group Director of Organization and Development'}, 10: {'first_name': ['Kate'], 'middle_name': [], 'last_name': ['Hill'], 'designation': 'Group Director of Communications'}, 11: {'first_name': ['John'], 'middle_name': ['S.'], 'last_name': ['Howie'], 'designation': 'Chief Corporate Affairs Officer'}, 12: {'first_name': ['Victoire'], 'middle_name': ['de'], 'last_name': ['Margerie'], 'designation': 'Non-Executive Independent Director'}, 13: {'first_name': ['Lucy'], 'middle_name': [], 'last_name': ['Dimes'], 'designation': 'Non-Executive Independent Director'}, 14: {'first_name': ['Carl-Peter'], 'middle_name': ['Edmund', 'Moriz'], 'last_name': ['Forster'], 'designation': 'Non-Executive Independent Director'}, 15: {'first_name': ['Russ'], 'middle_name': [], 'last_name': ['Houlden'], 'designation': 'Non-Executive Independent Director'}, 16: {'first_name': ['Myles'], 'middle_name': ['P.'], 'last_name': ['Lee'], 'designation': 'Non-Executive Independent Director'}, 17: {'first_name': ['Andrew'], 'middle_name': [], 'last_name': ['Parker'], 'designation': 'Non-Executive Independent Director'}, 18: {'first_name': ['Kjersti'], 'middle_name': [], 'last_name': ['Wiklund'], 'designation': 'Non-Executive Independent Director'}}
88|SERCO GROUP PLC|['Serco House', 'Bartley Way,16 Bartley Wood Business Prk', 'RG27 9UY', 'United Kingdom']|['+44.1256.745900']|https://www.serco.com/|['3,884.80']|['179.20']|133.80|['133.80', '50.40', '67.40']|2,410.30|383.50|{0: {'first_name': ['John'], 'middle_name': ['F.'], 'last_name': ['Rishton'], 'designation': 'Non-Executive Chairman of the Board'}, 1: {'first_name': ['Rupert'], 'middle_name': ['Christopher'], 'last_name': ['Soames'], 'designation': 'Group Chief Executive Officer, Executive Director'}, 2: {'first_name': ['Nigel'], 'middle_name': [], 'last_name': ['Crossley'], 'designation': 'Chief Financial Officer, Executive Director'}, 3: {'first_name': ['David'], 'middle_name': [], 'last_name': ['Eveleigh'], 'designation': 'Group General Counsel, Company Secretary'}, 4: {'first_name': ['Kirsty'], 'middle_name': [], 'last_name': ['Bashforth'], 'designation': 'Non-Executive Independent Director'}, 5: {'first_name': ['Eric'], 'middle_name': [], 'last_name': ['Born'], 'designation': 'Non-Executive Independent Director'}, 6: {'first_name': ['Ian'], 'middle_name': [], 'last_name': ['El-Mokadem'], 'designation': 'Non-Executive Independent Director'}, 7: {'first_name': ['Tim'], 'middle_name': [], 'last_name': ['Lodge'], 'designation': 'Non-Executive Independent Director'}, 8: {'first_name': ['Lynne'], 'middle_name': ['M.'], 'last_name': ['Peacock'], 'designation': 'Senior Non-Executive Independent Director'}, 9: {'first_name': ['Dame'], 'middle_name': ['Sue'], 'last_name': ['Owen'], 'designation': 'Non-Executive Independent Director'}}
89|CREDIT SUISSE AG|['Paradeplatz 8', '8001', 'Switzerland']|['+41.44.2121616']|https://www.credit-suisse.com/|[]|[]|2,669.00|['2,669.00', '3,419.00', '2,024.00']|805,822.00|32,834.00|{0: {'first_name': ['Antonio'], 'middle_name': [], 'last_name': ['Horta-Osorio'], 'designation': 'Chairman of the Board'}, 1: {'first_name': ['Thomas'], 'middle_name': [], 'last_name': ['Gottstein'], 'designation': 'Group Chief Executive Officer, Member of the Executive Board'}, 2: {'first_name': ['Severin'], 'middle_name': [], 'last_name': ['Schwan'], 'designation': 'Non-Executive Independent Vice Chairman of the Board, Lead Independent Director'}, 3: {'first_name': ['David'], 'middle_name': [], 'last_name': ['Mathers'], 'designation': 'Chief Financial Officer, Member of the Executive Board'}, 4: {'first_name': ['James'], 'middle_name': ['B.'], 'last_name': ['Walker'], 'designation': 'Chief Operating Officer, Member of the Executive Board'}, 5: {'first_name': ['Romeo'], 'middle_name': [], 'last_name': ['Cerutti'], 'designation': 'Member of the Executive Board, General Counsel'}, 6: {'first_name': ['Antoinette'], 'middle_name': [], 'last_name': ['Poschung'], 'designation': 'Global Head of Human Resources, Member of the Executive Board'}, 7: {'first_name': ['Andre'], 'middle_name': [], 'last_name': ['Helfenstein'], 'designation': 'Chief Executive Officer - Swiss Universal Bank, Member of the Executive Board'}, 8: {'first_name': ['Lydie'], 'middle_name': [], 'last_name': ['Hudson'], 'designation': 'Chief Executive Officer - Sustainability, Research & Investment Solutions, Member of the Executive Board'}, 9: {'first_name': ['Helman'], 'middle_name': [], 'last_name': ['Sitohang'], 'designation': 'Chief Executive Officer Asia Pacific, Member of the Executive Board'}, 10: {'first_name': ['Philipp'], 'middle_name': [], 'last_name': ['Wehle'], 'designation': 'Chief Executive Officer International Wealth Management, Member of the Executive Board'}, 11: {'first_name': ['Iris'], 'middle_name': [], 'last_name': ['Bohnet'], 'designation': 'Non-Executive Independent Director'}, 12: {'first_name': ['Christian'], 'middle_name': [], 'last_name': ['Gellerstad'], 'designation': 'Non-Executive Independent Director'}, 13: {'first_name': ['Michael'], 'middle_name': ['Stuart'], 'last_name': ['Klein'], 'designation': 'Non-Executive Independent Director'}, 14: {'first_name': ['Shan'], 'middle_name': [], 'last_name': ['Li'], 'designation': 'Non-Executive Independent Director'}, 15: {'first_name': ['Seraina'], 'middle_name': [], 'last_name': ['Macia'], 'designation': 'Non-Executive Independent Director'}, 16: {'first_name': ['Richard'], 'middle_name': [], 'last_name': ['Meddings'], 'designation': 'Non-Executive Independent Director'}, 17: {'first_name': ['Kaikhushru'], 'middle_name': ['Shiavax'], 'last_name': ['Nargolwala'], 'designation': 'Non-Executive Independent Director'}, 18: {'first_name': ['Ana'], 'middle_name': ['Paula'], 'last_name': ['Pessoa'], 'designation': 'Non-Executive Independent Director'}}
90|ASOS PLC|['Greater London House, Hampstead Road', 'NW1 7FB', 'United Kingdom']|['+44.20.77561000']|https://www.asosplc.com/|['3,263.50']|['151.10']|113.30|['113.30', '24.60', '82.40']|1,989.40|577.00|{0: {'first_name': ['Adam'], 'middle_name': ['Alexander'], 'last_name': ['Crozier'], 'designation': 'Non-Executive Chairman of the Board'}, 1: {'first_name': ['Nick'], 'middle_name': [], 'last_name': ['Beighton'], 'designation': 'Chief Executive Officer, Executive Director'}, 2: {'first_name': ['Mathew'], 'middle_name': [], 'last_name': ['Dunn'], 'designation': 'Chief Financial Officer, Director'}, 3: {'first_name': ['Jo'], 'middle_name': [], 'last_name': ['Butler'], 'designation': 'Chief People Officer'}, 4: {'first_name': ['Anna'], 'middle_name': [], 'last_name': ['Suchopar'], 'designation': 'General Counsel, Company Secretary'}, 5: {'first_name': ['Robert'], 'middle_name': ['M.'], 'last_name': ['Birge'], 'designation': 'Chief Growth Officer'}, 6: {'first_name': ['Jose'], 'middle_name': ['Antonio', 'Ramos'], 'last_name': ['Calamonte'], 'designation': 'Chief Commercial Officer'}, 7: {'first_name': ['Nick'], 'middle_name': [], 'last_name': ['Robertson'], 'designation': 'Founder, Non-Executive Director'}, 8: {'first_name': ['Ian'], 'middle_name': [], 'last_name': ['Dyson'], 'designation': 'Senior Non-Executive Independent Director'}, 9: {'first_name': ['Mai'], 'middle_name': [], 'last_name': ['Fyfield'], 'designation': 'Non-Executive Independent Director'}, 10: {'first_name': ['Karen'], 'middle_name': ['Mary'], 'last_name': ['Geary'], 'designation': 'Non-Executive Independent Director'}, 11: {'first_name': ['Luke'], 'middle_name': ['Giles', 'William'], 'last_name': ['Jensen'], 'designation': 'Non-Executive Independent Director'}, 12: {'first_name': ['Eugenia'], 'middle_name': ['Marie'], 'last_name': ['Ulasewicz'], 'designation': 'Non-Executive Independent Director'}}
91|UBS AG||||||||||
92|JOHNSON MATTHEY PLC|['5th Fl, 25 Farringdon Street', 'EC4A 4AB', 'United Kingdom']|['+44.20.72698400']|https://matthey.com/|['15,673.00']|['323.00']|205.00|['205.00', '255.00', '413.00']|7,744.00|2,345.00|"{0: {'first_name': ['Patrick'], 'middle_name': ['Webster'], 'last_name': ['Thomas'], 'designation': 'Non-Executive Chairman of the Board'}, 1: {'first_name': ['Robert'], 'middle_name': [], 'last_name': ['Macleod'], 'designation': 'Chief Executive, Executive Director'}, 2: {'first_name': ['Karen'], 'middle_name': [], 'last_name': ['Hayzen-Smith'], 'designation': 'Interim Chief Financial Officer, Group Financial Controller'}, 3: {'first_name': ['Stephen'], 'middle_name': [], 'last_name': ['Oxley'], 'designation': 'Chief Financial Officer'}, 4: {'first_name': ['Joan'], 'middle_name': [], 'last_name': ['Braca'], 'designation': 'Sector Chief Executive - Clean Air'}, 5: {'first_name': ['Christian'], 'middle_name': [], 'last_name': ['Gunther'], 'designation': 'Chief Executive - Battery Materials'}, 6: {'first_name': ['Jane'], 'middle_name': [], 'last_name': ['Toogood'], 'designation': 'Sector Chief Executive - Efficient Natural Resources'}, 7: {'first_name': ['Annette'], 'middle_name': [], 'last_name': ['Kelleher'], 'designation': 'Chief Human Resource Officer'}, 8: {'first_name': ['Maurits'], 'middle_name': ['Van'], 'last_name': ['Tol'], 'designation': 'Chief Technology Officer'}, 9: {'first_name': ['Nick'], 'middle_name': [], 'last_name': ['Cooper'], 'designation': 'General Counsel, Company Secretary'}, 10: {'first_name': ['Alan'], 'middle_name': ['Murray'], 'last_name': ['Ferguson'], 'designation': 'Senior Independent Non-Executive Director'}, 11: {'first_name': ['Jane'], 'middle_name': ['Veronica'], 'last_name': ['Griffiths'], 'designation': 'Non-Executive Independent Director'}, 12: {'first_name': ['Xiaozhi'], 'middle_name': [], 'last_name': ['Liu'], 'designation': 'Non-Executive Independent Director'}, 13: {'first_name': ['Christopher'], 'middle_name': ['John'], 'last_name': ['Mottershead'], 'designation': 'Non-Executive Independent Director'}, 14: {'first_name': ['John'], 'middle_name': ['E.'], 'last_name': [""O'Higgins""], 'designation': 'Senior Non-Executive Independent Director'}, 15: {'first_name': ['Douglas'], 'middle_name': ['Russell'], 'last_name': ['Webb'], 'designation': 'Non-Executive Independent Director'}}"
93|KINGFISHER PLC|['3 Sheldon Square', 'W2 6PX', 'United Kingdom']|['+44.20.73728008']|https://www.kingfisher.com/|['12,343.00']|['916.00']|592.00|['592.00', '8.00', '193.00']|12,269.00|3,832.00|{0: {'first_name': ['Andrew'], 'middle_name': [], 'last_name': ['Cosslett'], 'designation': 'Independent Non-Executive Chairman of the Board'}, 1: {'first_name': ['Thierry'], 'middle_name': [], 'last_name': ['Garnier'], 'designation': 'Chief Executive Officer, Executive Director'}, 2: {'first_name': ['Bernard'], 'middle_name': ['L.'], 'last_name': ['Bot'], 'designation': 'Chief Financial Officer, Executive Director'}, 3: {'first_name': ['John'], 'middle_name': [], 'last_name': ['Mewett'], 'designation': 'CEO Screwfix'}, 4: {'first_name': ['Kate'], 'middle_name': [], 'last_name': ['Seljeflot'], 'designation': 'Chief People Officer'}, 5: {'first_name': ['Henri'], 'middle_name': [], 'last_name': ['Solere'], 'designation': 'Chief Offer and Sourcing Officer'}, 6: {'first_name': ['Paul'], 'middle_name': [], 'last_name': ['Moore'], 'designation': 'Group Company Secretary'}, 7: {'first_name': ['Tony'], 'middle_name': [], 'last_name': ['Buffin'], 'designation': 'Non-Executive Director'}, 8: {'first_name': ['Claudia'], 'middle_name': ['I.'], 'last_name': ['Arney'], 'designation': 'Non-Executive Independent Director'}, 9: {'first_name': ['Catherine'], 'middle_name': ['Annick', 'Caroline'], 'last_name': ['Bradley'], 'designation': 'Senior Independent Non-Executive Director'}, 10: {'first_name': ['Jeff'], 'middle_name': [], 'last_name': ['Carr'], 'designation': 'Non-Executive Independent Director'}, 11: {'first_name': ['Sophie'], 'middle_name': ['A.'], 'last_name': ['Gasperment'], 'designation': 'Non-Executive Independent Director'}, 12: {'first_name': ['Rakhi'], 'middle_name': [], 'last_name': ['Goss-Custard'], 'designation': 'Non-Executive Independent Director'}}
94|CENTRICA PLC|['Millstream, Maidenhead Road', 'SL4 5GD', 'United Kingdom']|['+44.1753.494000']|https://www.centrica.com/|['14,949.00']|['(362.00)']|41.00|['41.00', '(1,023.00)', '183.00']|17,119.00|(230.00)|"{0: {'first_name': ['Scott'], 'middle_name': [], 'last_name': ['Wheway'], 'designation': 'Chairman of the Board'}, 1: {'first_name': ['Chris'], 'middle_name': [""O'""], 'last_name': ['Shea'], 'designation': 'Group Chief Executive Officer, Executive Director'}, 2: {'first_name': ['Kate'], 'middle_name': [], 'last_name': ['Ringrose'], 'designation': 'Chief Financial Officer, Executive Director'}, 3: {'first_name': ['Raj'], 'middle_name': [], 'last_name': ['Roy'], 'designation': 'Interim Group General Counsel and Company Secretary'}, 4: {'first_name': ['Carol'], 'middle_name': [], 'last_name': ['Arrowsmith'], 'designation': 'Non-Executive Director'}, 5: {'first_name': ['Stephen'], 'middle_name': ['A.', 'M.'], 'last_name': ['Hester'], 'designation': 'Senior Non-Executive Independent Director'}, 6: {'first_name': ['Pam'], 'middle_name': [], 'last_name': ['Kaur'], 'designation': 'Non-Executive Independent Director'}, 7: {'first_name': ['Heidi'], 'middle_name': [], 'last_name': ['Mottram'], 'designation': 'Non-Executive Independent Director'}, 8: {'first_name': ['Kevin'], 'middle_name': [], 'last_name': [""O'Byrne""], 'designation': 'Non-Executive Independent Director'}}"
95|OCADO GROUP PLC|['1 Trident Place', 'Hatfield Business Park, Mosquito Way', 'AL10 9BW', 'United Kingdom']|['+44.1707.227800']|http://www.ocadogroup.com|['2,331.80']|['8.80']|(126.00)|['(126.00)', '(213.10)', '(44.90)']|4,028.20|502.40|{0: {'first_name': ['Stuart'], 'middle_name': ['Alan'], 'last_name': ['Rose'], 'designation': 'Non-Executive Chairman of the Board'}, 1: {'first_name': ['Timothy'], 'middle_name': [], 'last_name': ['Steiner'], 'designation': 'Chief Executive Officer, Executive Director'}, 2: {'first_name': ['Mark'], 'middle_name': [], 'last_name': ['Richardson'], 'designation': 'Chief Operating Officer, Executive Director'}, 3: {'first_name': ['Neill'], 'middle_name': [], 'last_name': ['Abrams'], 'designation': 'Group General Counsel, Executive Director, Company Secretary'}, 4: {'first_name': ['Luke'], 'middle_name': ['Giles', 'William'], 'last_name': ['Jensen'], 'designation': 'Executive Director, Chief Executive Officer - Ocado Solutions'}, 5: {'first_name': ['Andrew'], 'middle_name': ['John'], 'last_name': ['Harrison'], 'designation': 'Senior Non-Executive Independent Director'}, 6: {'first_name': ['Richard'], 'middle_name': ['N.'], 'last_name': ['Haythornthwaite'], 'designation': 'Independent Non-Executive Director'}, 7: {'first_name': ['Emma'], 'middle_name': [], 'last_name': ['Lloyd'], 'designation': 'Non-Executive Independent Director'}, 8: {'first_name': ['John'], 'middle_name': ['W.'], 'last_name': ['Martin'], 'designation': 'Non-Executive Independent Director'}, 9: {'first_name': ['Jorn'], 'middle_name': [], 'last_name': ['Rausing'], 'designation': 'Non-Executive Independent Director'}, 10: {'first_name': ['Michael'], 'middle_name': [], 'last_name': ['Sherman'], 'designation': 'Independent Non-Executive Director'}, 11: {'first_name': ['Julie'], 'middle_name': [], 'last_name': ['Southern'], 'designation': 'Non-Executive Independent Director'}}
96|COCA-COLA EUROPEAN PARTNERS PLC|['Pemberton House, Bakers Road', 'UB8 1EZ', 'United Kingdom']|['+44.1895.231313']|https://www.cocacolaep.com/|['10,606.00']|['813.00']|498.00|['498.00', '1,090.00', '909.00']|19,237.00|6,365.00|{0: {'first_name': ['Sol'], 'middle_name': [], 'last_name': ['Daurella'], 'designation': 'Chairman of the Board'}, 1: {'first_name': ['Damian'], 'middle_name': ['Paul'], 'last_name': ['Gammell'], 'designation': 'Chief Executive Officer, Executive Director'}, 2: {'first_name': ['Manik'], 'middle_name': ['H.'], 'last_name': ['Jhangiani'], 'designation': 'Chief Financial Officer'}, 3: {'first_name': ['Veronique'], 'middle_name': [], 'last_name': ['Vuillod'], 'designation': 'Chief People and Culture Officer'}, 4: {'first_name': ['Peter'], 'middle_name': [], 'last_name': ['Brickley'], 'designation': 'Chief Information Officer'}, 5: {'first_name': ['Clare'], 'middle_name': [], 'last_name': ['Wardle'], 'designation': 'General Counsel, Company Secretary'}, 6: {'first_name': ['Francisco'], 'middle_name': [], 'last_name': ['Cosano'], 'designation': 'General Manager - Iberian Business Unit'}, 7: {'first_name': ['Leendert'], 'middle_name': ['Den'], 'last_name': ['Hollander'], 'designation': 'General Manager - Northern Europe Business Unit'}, 8: {'first_name': ['Francois'], 'middle_name': [], 'last_name': ['Gay-Bellile'], 'designation': 'General Manager - France Business Unit'}, 9: {'first_name': ['Frank'], 'middle_name': [], 'last_name': ['Molthan'], 'designation': 'General Manager - Germany Business Unit'}, 10: {'first_name': ['Stephen'], 'middle_name': ['Clifford'], 'last_name': ['Moorhouse'], 'designation': 'General Manager - Great Britain Business Unit'}, 11: {'first_name': ['Jose'], 'middle_name': ['Antonio'], 'last_name': ['Echeverria'], 'designation': 'Chief Customer and Supply Chain Officer'}, 12: {'first_name': ['Victor'], 'middle_name': [], 'last_name': ['Rufart'], 'designation': 'Chief Strategy Officer'}, 13: {'first_name': ['Lauren'], 'middle_name': [], 'last_name': ['Sayeski'], 'designation': 'Chief Public Affairs, Communications and Sustainability Officer'}, 14: {'first_name': ['Jose'], 'middle_name': ['Ignacio', 'Comenge'], 'last_name': ['Sanchez-Real'], 'designation': 'Non-Executive Director'}, 15: {'first_name': ['Alvaro'], 'middle_name': ['Gomez-Trenor'], 'last_name': ['Aguilar'], 'designation': 'Non-Executive Director'}, 16: {'first_name': ['Alfonso'], 'middle_name': ['Libano'], 'last_name': ['Daurella'], 'designation': 'Non-Executive Director'}, 17: {'first_name': ['Mario'], 'middle_name': ['Rotllant'], 'last_name': ['Sola'], 'designation': 'Non-Executive Director'}, 18: {'first_name': ['Brian'], 'middle_name': ['J.'], 'last_name': ['Smith'], 'designation': 'Non-Executive Director'}, 19: {'first_name': ['Jan'], 'middle_name': [], 'last_name': ['Bennink'], 'designation': 'Independent Non-Executive Director'}, 20: {'first_name': ['John'], 'middle_name': ['A.'], 'last_name': ['Bryant'], 'designation': 'Independent Non-Executive Director'}, 21: {'first_name': ['Christine'], 'middle_name': [], 'last_name': ['Cross'], 'designation': 'Independent Non-Executive Director'}, 22: {'first_name': ['Nathalie'], 'middle_name': [], 'last_name': ['Gaveau'], 'designation': 'Independent Non-Executive Director'}, 23: {'first_name': ['Thomas'], 'middle_name': ['H.'], 'last_name': ['Johnson'], 'designation': 'Senior Independent Non-Executive Director'}, 24: {'first_name': ['Dagmar'], 'middle_name': ['P.'], 'last_name': ['Kollmann'], 'designation': 'Independent Non-Executive Director'}, 25: {'first_name': ['Mark'], 'middle_name': [], 'last_name': ['Price'], 'designation': 'Independent Non-Executive Director'}, 26: {'first_name': ['Dessi'], 'middle_name': [], 'last_name': ['Temperley'], 'designation': 'Independent Non-Executive Director'}, 27: {'first_name': ['Garry'], 'middle_name': ['Andrew'], 'last_name': ['Watts'], 'designation': 'Independent Non-Executive Director'}}
97|AGGREKO PLC|['120 Bothwell Street', 'G2 7JS', 'United Kingdom']|['+44.141.2255900']|http://www.plc.aggreko.com/|['1,365.00']|['(39.00)']|(111.00)|['(111.00)', '129.00', '125.00']|2,154.00|1,299.00|{0: {'first_name': ['Kenneth'], 'middle_name': ['George'], 'last_name': ['Hanna'], 'designation': 'Independent Non-Executive Chairman of the Board'}, 1: {'first_name': ['Mark'], 'middle_name': ['S.'], 'last_name': ['Clare'], 'designation': 'Non-executive Director - Chair Designate'}, 2: {'first_name': ['Chris'], 'middle_name': [], 'last_name': ['Weston'], 'designation': 'Chief Executive Officer, Executive Director'}, 3: {'first_name': ['Heath'], 'middle_name': ['Stewart'], 'last_name': ['Drewett'], 'designation': 'Chief Financial Officer, Executive Director'}, 4: {'first_name': ['Stephen'], 'middle_name': [], 'last_name': ['Beynon'], 'designation': 'President - Power Solutions'}, 5: {'first_name': ['Bruce'], 'middle_name': [], 'last_name': ['Pool'], 'designation': 'President - Rental Solutions'}, 6: {'first_name': ['Grant'], 'middle_name': [], 'last_name': ['Nairn'], 'designation': 'Chief Information Officer'}, 7: {'first_name': ['Dan'], 'middle_name': [], 'last_name': ['Ibbetson'], 'designation': 'Managing Director - Global Products & Technology'}, 8: {'first_name': ['Simon'], 'middle_name': [], 'last_name': ['Thomson'], 'designation': 'Group Legal Director, Company Secretary'}, 9: {'first_name': ['Barbara'], 'middle_name': ['S.'], 'last_name': ['Jeremiah'], 'designation': 'Independent Non-Executive Director'}, 10: {'first_name': ['Uwe'], 'middle_name': [], 'last_name': ['Krueger'], 'designation': 'Senior Non-Executive Independent Director'}, 11: {'first_name': ['Sarah'], 'middle_name': [], 'last_name': ['Kuijlaars'], 'designation': 'Non-Executive Independent Director'}, 12: {'first_name': ['Ian'], 'middle_name': ['D.'], 'last_name': ['Marchant'], 'designation': 'Independent Non-Executive Director'}, 13: {'first_name': ['Dame'], 'middle_name': ['Nicola'], 'last_name': ['Brewer'], 'designation': 'Independent Non-Executive Director'}, 14: {'first_name': ['Miles'], 'middle_name': ['W.'], 'last_name': ['Roberts'], 'designation': 'Independent Non-Executive Director'}}
98|NATIONAL GRID GAS PLC||||||||||
